exp_id,phương pháp,mô hình/checkpoint,K,macro-F1 val,top-1 val,ECE val,NLL val,độ trễ p50 (ms),độ trễ p95 (ms),độ trễ p99 (ms),thông lượng (ảnh/s),chi phí tương đối so với I00,ghi chú
I00,"1 view (center-crop 224), mốc",T04/seed0 (convnext_tiny),1,0.9731794100604445,0.9791488146243931,0.009036076384652694,0.08134612322330671,5.8135429990215925,5.920074747882609,6.079088087753921,209.91016110917533,1.0,
I01,"TTA hflip K=2, gộp xác suất",T04/seed0 (convnext_tiny),2,0.9761252435106377,0.9820051413881749,0.007748695902876489,0.07498092728396896,11.510245998579194,11.720579747452575,11.770696928360852,106.93268417289961,1.9799021010967572,
I03a,"TTA hflip K=2, gộp logit",T04/seed0 (convnext_tiny),2,0.9761252435106377,0.9820051413881749,0.006502849374936512,0.07472758884985654,11.510245998579194,11.720579747452575,11.770696928360852,106.93268417289961,1.9799021010967572,
I02a,"TTA fivecrop K=5, gộp xác suất",T04/seed0 (convnext_tiny),5,0.9755956959572762,0.9808626106826621,0.007225436825141911,0.07354520553690128,28.892594998978893,30.234348449994286,30.61515821766079,42.51765433526643,4.9698772338729515,
I03b,"TTA fivecrop K=5, gộp logit",T04/seed0 (convnext_tiny),5,0.9764012688869617,0.9814338760354184,0.008044682992077914,0.07419474888912651,28.892594998978893,30.234348449994286,30.61515821766079,42.51765433526643,4.9698772338729515,
I02b,"TTA tencrop K=10, gộp xác suất",T04/seed0 (convnext_tiny),10,0.9787921873526317,0.9837189374464439,0.0060156346962667055,0.06965982784687944,57.55868099913641,58.60645230059163,74.55815995963351,21.183053479150793,9.900792169047932,
I03c,"TTA tencrop K=10, gộp logit",T04/seed0 (convnext_tiny),10,0.9787921873526317,0.9837189374464439,0.006787890401385415,0.06957867599289777,57.55868099913641,58.60645230059163,74.55815995963351,21.183053479150793,9.900792169047932,
I04a,độ phân giải test: crop224,T04/seed0 (convnext_tiny),1,0.9731794100604445,0.9791488146243931,0.009036076384652694,0.08134612322330671,5.8127219999732915,6.2622423509310465,7.040103139115676,212.50614466643907,1.0,đầu vào 224x224
I04b,độ phân giải test: resize224,T04/seed0 (convnext_tiny),1,0.9743126656791807,0.9797200799771494,0.009234784043980006,0.07732355601090854,5.816029501147568,6.204280248675786,6.34994962947531,212.4366735400924,1.0005690107275544,đầu vào 224x224
I04c,độ phân giải test: full256,T04/seed0 (convnext_tiny),1,0.9751446391542391,0.980576978006284,0.007163160821711878,0.0734862311909625,6.596311000976129,6.736008747975575,6.8992355797308855,164.847005570067,1.1348058622116177,đầu vào 256x256
I04d,độ phân giải test: resize288,T04/seed0 (convnext_tiny),1,0.9756855586664064,0.9814338760354184,0.007239330474768771,0.0686499901879425,8.06238449877128,8.819391001270558,10.174637958698444,124.2186086638506,1.3870239276552923,đầu vào 288x288
I04e,độ phân giải test: resize320,T04/seed0 (convnext_tiny),1,0.975521148529976,0.9802913453299057,0.00864952902727866,0.07508595336017068,9.966981499019312,10.16164455049875,10.205276757224055,105.37753914742981,1.7146840153485936,đầu vào 320x320
I05a,ensemble 3 seed T00 (trung bình xác suất),T00/seed0-2 (convnext_tiny),3,0.972781439207083,0.9791488146243931,0.007388570784529484,0.07585563840822683,17.440628997064778,17.760224243647826,18.237264263261764,69.97005370305844,3.0,"thành viên: macro-F1 [0.9658, 0.9681, 0.9726]"
I05b,"ensemble 2 backbone tốt nhất (B-run, T00)",B03+B04,2,0.9715338333352206,0.9780062839188803,0.00903970572924331,0.08725525372074526,11.23953749993234,13.20084289964143,13.20084289964143,88.97163250765611,1.9333369516358494,"p99 xấp xỉ bằng tổng p95; thành viên: [0.9658, 0.9556]"
I06,"trọng số EMA (decay 0,995) so với trọng số thô",T15/seed0 (convnext_tiny),1,0.9662519090324753,0.9734361610968295,0.004742519692808046,0.09911190243305751,5.8135429990215925,5.920074747882609,6.079088087753921,209.91016110917533,1.0,EMA (AMP) 0.9663 vs thô (AMP) 0.9399 tại epoch tốt nhất; không tốn thêm khi suy luận
I07,"temperature scaling (T = 1.377, khớp trên val)",T04/seed0 (convnext_tiny),1,0.9731794100604445,0.9791488146243931,0.004887571116504889,0.07372004517765539,5.8135429990215925,5.920074747882609,6.079088087753921,209.91016110917533,1.0,ECE val 0.0090 -> 0.0049; NLL 0.0813 -> 0.0737 (khớp và đo cùng trên val nên là trong mẫu)
I08-fused32,"gộp BN vào conv, FP32",T04/seed0 (convnext_tiny),1,0.9731794100604445,0.9791488146243931,0.009036076384652694,0.08134612322330671,5.811072998767486,5.97057485156256,6.2004212506144585,211.86144430756332,0.9995751299586978,không có BN để gộp (LayerNorm): không áp dụng
I08-amp,AMP (autocast FP16),T04/seed0 (convnext_tiny),1,0.9731794100604445,0.9791488146243931,0.00903078163774905,0.08135769999387162,8.354971500011743,9.010589900026389,9.181755360077666,596.9714723239913,1.437156567246147,
I08-fp16,FP16 (model.half()),T04/seed0 (convnext_tiny),1,0.9731794100604445,0.9791488146243931,0.009026998723381915,0.08133577152148877,6.4880019999691285,8.285233101378253,8.853260717769446,728.7100166810828,1.116015139315396,
I08-fused16,gộp BN + FP16,T04/seed0 (convnext_tiny),1,0.9731794100604445,0.9791488146243931,0.009026998723381915,0.08133577152148877,5.359933500585612,5.794073999095417,6.120982519969409,727.9855492278422,0.9219736572839795,không có BN để gộp (LayerNorm): không áp dụng
