cấu hình,GPU,dtype,batch,độ phân giải,gộp BN,p50 (ms),p95 (ms),p99 (ms),ảnh/s,K view,torch,số lần đo
B01 resnet50 (batch 1),Tesla T4,fp32,1,224,không,6.240979500034882,6.676931749871073,6.79249129061646,160.23125856997459,1,2.11.0+cu128,100
B02 resnext50_32x4d (batch 1),Tesla T4,fp32,1,224,không,6.182049000017287,6.604938700456842,6.791762919465327,161.75866609876493,1,2.11.0+cu128,100
B03 convnext_tiny (batch 1),Tesla T4,fp32,1,224,không,5.86103549994732,6.349702000034085,7.161866499945978,170.61831480273207,1,2.11.0+cu128,100
B04 deit_small_patch16_224 (batch 1),Tesla T4,fp32,1,224,không,5.378501999985019,6.851140899607344,7.407404999785288,185.9253747609995,1,2.11.0+cu128,100
B05 swin_tiny_patch4_window7_224 (batch 1),Tesla T4,fp32,1,224,không,10.156308499517763,10.613069899818584,10.999646969830797,98.4609713310187,1,2.11.0+cu128,100
B06 efficientnet_b0 (batch 1),Tesla T4,fp32,1,224,không,7.930517000204418,8.834780700317424,9.64332748011657,126.09518395512221,1,2.11.0+cu128,100
B07 mobilenetv3_large_100 (batch 1),Tesla T4,fp32,1,224,không,6.4571010002509865,6.7575790001683345,7.890629309949875,154.8682605338108,1,2.11.0+cu128,100
I00 (batch 1),Tesla T4,fp32,1,224,không,5.8135429990215925,5.920074747882609,6.079088087753921,172.0121447744169,1,2.11.0+cu128,100
I00 (batch 32),Tesla T4,fp32,32,224,không,152.44616949894407,154.6633997506433,155.44306349158433,209.91016110917533,1,2.11.0+cu128,100
I01 TTA K=2 (batch 1),Tesla T4,fp32,1,224,không,11.510245998579194,11.720579747452575,11.770696928360852,86.87911623465202,2,2.11.0+cu128,100
I01 (batch 32),Tesla T4,fp32,32,224,không,149.6268435021193,151.86906915168947,152.15067796940275,213.86536834579923,1,2.11.0+cu128,100
I02a TTA K=5 (batch 1),Tesla T4,fp32,1,224,không,28.892594998978893,30.234348449994286,30.61515821766079,34.61094443179442,5,2.11.0+cu128,100
I02a (batch 32),Tesla T4,fp32,32,224,không,150.525707498673,152.6899863509243,153.1416049811378,212.58827167633214,1,2.11.0+cu128,100
I02b TTA K=10 (batch 1),Tesla T4,fp32,1,224,không,57.55868099913641,58.60645230059163,74.55815995963351,17.373573936049777,10,2.11.0+cu128,100
I02b (batch 32),Tesla T4,fp32,32,224,không,151.0641514996678,153.1738289999339,153.68930941102008,211.83053479150792,1,2.11.0+cu128,100
I04a crop224 (batch 1),Tesla T4,fp32,1,224,không,5.8127219999732915,6.2622423509310465,7.040103139115676,172.03644007138047,1,2.11.0+cu128,100
I04a crop224 (batch 32),Tesla T4,fp32,32,224,không,150.58388099896547,153.17163594827434,153.70285094100836,212.50614466643907,1,2.11.0+cu128,100
I04b resize224 (batch 1),Tesla T4,fp32,1,224,không,5.816029501147568,6.204280248675786,6.34994962947531,171.93860516056336,1,2.11.0+cu128,100
I04b resize224 (batch 32),Tesla T4,fp32,32,224,không,150.6331250002404,152.81592900009855,153.67886290910974,212.4366735400924,1,2.11.0+cu128,100
I04c full256 (batch 1),Tesla T4,fp32,1,256,không,6.596311000976129,6.736008747975575,6.8992355797308855,151.5998866414908,1,2.11.0+cu128,100
I04c full256 (batch 32),Tesla T4,fp32,32,256,không,194.1193890015711,199.90901344954182,200.17779677124054,164.847005570067,1,2.11.0+cu128,100
I04d resize288 (batch 1),Tesla T4,fp32,1,288,không,8.06238449877128,8.819391001270558,10.174637958698444,124.03278461259217,1,2.11.0+cu128,100
I04d resize288 (batch 32),Tesla T4,fp32,32,288,không,257.61035600226023,262.68894295099017,263.31271404891595,124.2186086638506,1,2.11.0+cu128,100
I04e resize320 (batch 1),Tesla T4,fp32,1,320,không,9.966981499019312,10.16164455049875,10.205276757224055,100.33127884288676,1,2.11.0+cu128,100
I04e resize320 (batch 32),Tesla T4,fp32,32,320,không,303.6700254997413,304.73765449842176,305.3132587019354,105.37753914742981,1,2.11.0+cu128,100
I08 fp32 (batch 1),Tesla T4,fp32,1,224,không,5.8141515000897925,5.94285859788215,6.261116787718497,171.99414222084792,1,2.11.0+cu128,100
I08 fp32 (batch 32),Tesla T4,fp32,32,224,không,149.5947695002542,151.45076729677385,152.10611156813684,213.91122234354341,1,2.11.0+cu128,100
I08 fused32 (batch 1),Tesla T4,fp32,1,224,có,5.811072998767486,5.97057485156256,6.2004212506144585,172.08525864536506,1,2.11.0+cu128,100
I08 fused32 (batch 32),Tesla T4,fp32,32,224,có,151.04211200196005,153.53157664758328,154.13310257812554,211.86144430756332,1,2.11.0+cu128,100
I08 amp (batch 1),Tesla T4,amp,1,224,không,8.354971500011743,9.010589900026389,9.181755360077666,119.6892173717881,1,2.11.0+cu128,100
I08 amp (batch 32),Tesla T4,amp,32,224,không,53.60390149871819,54.52416874904884,54.67333770069672,596.9714723239913,1,2.11.0+cu128,100
I08 fp16 (batch 1),Tesla T4,fp16,1,224,không,6.4880019999691285,8.285233101378253,8.853260717769446,154.13065532420586,1,2.11.0+cu128,100
I08 fp16 (batch 32),Tesla T4,fp16,32,224,không,43.91321550065186,44.84012300144968,45.333651738546905,728.7100166810828,1,2.11.0+cu128,100
I08 fused16 (batch 1),Tesla T4,fp16,1,224,có,5.359933500585612,5.794073999095417,6.120982519969409,186.56947887333726,1,2.11.0+cu128,100
I08 fused16 (batch 32),Tesla T4,fp16,32,224,có,43.95691649915534,44.77538930132141,45.18805565803632,727.9855492278422,1,2.11.0+cu128,100
