lớp,số ảnh test,precision F01,recall F01,f1 F01,recall T00,f1 T00,F1 F01 (seed tốt nhất)
Chinee apple,226,0.9712266144575225,0.943952802359882,0.957337814724102,0.9351032448377582,0.9540887020160609,0.9574944071588367
Lantana,213,0.9796980050699879,0.9765258215962441,0.9780902839005466,0.9702660406885758,0.9779184841134457,0.9858490566037736
Parkinsonia,207,0.98242532109809,0.9887278582930756,0.9855614393657873,0.9758454106280193,0.9790034385885044,0.9807692307692307
Parthenium,205,0.9917812896302799,0.975609756097561,0.9836116576882299,0.975609756097561,0.9787932137228914,0.9828850855745721
Prickly acacia,213,0.9501266116537326,0.9827856025039123,0.9661626458262544,0.971830985915493,0.953182548510691,0.9675925925925927
Rubber vine,202,0.9804524038819628,0.9867986798679867,0.9835747976260979,0.9735973597359736,0.9800745345074039,0.9900990099009901
Siam weed,215,0.9815867874883485,0.9891472868217055,0.9853374679433863,0.9875968992248062,0.9725555405652387,0.9883990719257542
Snake weed,204,0.96397574114751,0.9591503267973857,0.9615299761828123,0.9526143790849674,0.9533994462248158,0.9560975609756097
Negative,1822,0.9875682469826805,0.9873765093304062,0.9874661190378284,0.9862788144895719,0.9854665988934834,0.9887393573194178
