exp_id,nhóm,mô tả,macro-F1 val,top-1 val,độ trễ p50 batch-1 (ms),chi phí huấn luyện (s/epoch),xếp hạng
I02b,suy luận,"TTA tencrop K=10, gộp xác suất",0.9787921873526317,0.9837189374464439,57.55868099913641,,1
I03c,suy luận,"TTA tencrop K=10, gộp logit",0.9787921873526317,0.9837189374464439,57.55868099913641,,2
I03b,suy luận,"TTA fivecrop K=5, gộp logit",0.9764012688869617,0.9814338760354184,28.892594998978893,,3
I01,suy luận,"TTA hflip K=2, gộp xác suất",0.9761252435106377,0.9820051413881749,11.510245998579194,,4
I03a,suy luận,"TTA hflip K=2, gộp logit",0.9761252435106377,0.9820051413881749,11.510245998579194,,5
I04d,suy luận,độ phân giải test: resize288,0.9756855586664064,0.9814338760354184,8.06238449877128,,6
I02a,suy luận,"TTA fivecrop K=5, gộp xác suất",0.9755956959572762,0.9808626106826621,28.892594998978893,,7
I04e,suy luận,độ phân giải test: resize320,0.975521148529976,0.9802913453299057,9.966981499019312,,8
I04c,suy luận,độ phân giải test: full256,0.9751446391542391,0.980576978006284,6.596311000976129,,9
I04b,suy luận,độ phân giải test: resize224,0.9743126656791807,0.9797200799771494,5.816029501147568,,10
"F01 (test, 3 seed)",chung kết,convnext_tiny + T04: aug=trivial + suy luận tencrop/prob K=10 + temperature scaling,0.9763156575602675,0.9816242978196706,,,test macro-F1 0.9765 ± 0.0009
"T00+I00 (test, 3 seed)",mốc,convnext_tiny + công thức nền + 1 view (mốc T00+I00),0.9688135677721963,0.9758164333999809,5.8135429990215925,,test macro-F1 0.9705 ± 0.0039
