exp_id,backbone,trục,khác T00 ở điểm nào,seed,macro-F1 val,top-1 val,Δ so với T00,vượt nhiễu (|Δ| > ngưỡng)?,recall Chinee Apple,recall Snake Weed,F1 thấp nhất theo lớp,ghi chú
T00,convnext_tiny,-,công thức nền (seed 0),0,0.9657529888328347,0.9725792630676949,0.0,Không (không phân biệt được),0.9155555555555556,0.9310344827586207,0.9333333333333333,
T00,convnext_tiny,-,công thức nền (seed 1),1,0.9681161488844621,0.9754355898314767,0.0023631600516274,Không (không phân biệt được),0.9155555555555556,0.9458128078817734,0.9320388349514562,
T00,convnext_tiny,-,công thức nền (seed 2),2,0.9725715655992924,0.9794344473007712,0.006818576766457696,Không (không phân biệt được),0.9333333333333333,0.9605911330049262,0.9420289855072463,
T01,convnext_tiny,A,khởi tạo từ đầu (không ImageNet),0,0.3069951494933624,0.5372750642673522,-0.6587578393394723,Có,0.19555555555555557,0.2019704433497537,0.06896551724137931,
T02,convnext_tiny,A,"đóng băng backbone, chỉ train head",0,0.8548701869778852,0.8846043987432162,-0.11088280185494948,Có,0.7911111111111111,0.7783251231527094,0.7520891364902508,
T03,convnext_tiny,B,thêm ColorJitter,0,0.9665176617235604,0.9728648957440731,0.0007646728907256817,Không (không phân biệt được),0.9111111111111111,0.8916256157635468,0.9211195928753181,
T04,convnext_tiny,B,TrivialAugmentWide,0,0.9731794100604445,0.9791488146243931,0.007426421227609836,Có,0.9333333333333333,0.9556650246305419,0.9394673123486683,
T05,convnext_tiny,B,Mixup (alpha=1),0,0.9671660993609452,0.974293059125964,0.0014131105281105505,Không (không phân biệt được),0.8977777777777778,0.9310344827586207,0.9130434782608696,
T06,convnext_tiny,B,CutMix (alpha=1),0,0.9683319743378527,0.9762924878606113,0.0025789855050180055,Không (không phân biệt được),0.9066666666666666,0.9458128078817734,0.9208633093525179,
T07,convnext_tiny,C,"label smoothing 0,1",0,0.9644016814693952,0.9717223650385605,-0.001351307363439469,Không (không phân biệt được),0.9288888888888889,0.9211822660098522,0.9211822660098522,
T08,convnext_tiny,C,focal loss gamma=2,0,0.9682410092346948,0.9754355898314767,0.002488020401860136,Không (không phân biệt được),0.9244444444444444,0.9064039408866995,0.9177057356608479,
T09,convnext_tiny,C,CE có trọng số 1/n_c,0,0.9683299864190449,0.9754355898314767,0.002576997586210217,Không (không phân biệt được),0.9288888888888889,0.9458128078817734,0.929782082324455,
T10,convnext_tiny,C,"CE class-balanced beta=0,999",0,0.9701089916256637,0.9774350185661239,0.004356002792828995,Không (không phân biệt được),0.9244444444444444,0.9211822660098522,0.935,
T11,convnext_tiny,D,sampler cân bằng lớp,0,0.9710731709879104,0.9771493858897458,0.005320182155075681,Không (không phân biệt được),0.9377777777777778,0.9408866995073891,0.9227053140096618,
T12,convnext_tiny,E,LR head = LR backbone (1e-4),0,0.9692818641837557,0.9754355898314767,0.003528875350921057,Không (không phân biệt được),0.9155555555555556,0.9310344827586207,0.9310344827586207,
T13,convnext_tiny,E,"LR x3 (backbone 3e-4, head 3e-3)",0,0.9623860897663659,0.971151099685804,-0.003366899066468809,Không (không phân biệt được),0.9066666666666666,0.9310344827586207,0.9219512195121952,
T14,convnext_tiny,E,không warmup,0,0.960991439016362,0.9697229363039132,-0.004761549816472699,Không (không phân biệt được),0.9333333333333333,0.8866995073891626,0.9113924050632912,
T15,convnext_tiny,F,"EMA trọng số (decay 0,995)",0,0.9662519090324753,0.9734361610968295,0.0004989201996405956,Không (không phân biệt được),0.8977777777777778,0.9458128078817734,0.928735632183908,
T16,convnext_tiny,F,"stochastic depth 0,1",0,0.9706188998668517,0.9771493858897458,0.004865911034017012,Không (không phân biệt được),0.9111111111111111,0.9408866995073891,0.9339853300733497,
T17,convnext_tiny,G,độ phân giải 256 (train và test),0,0.969536676800865,0.9762924878606113,0.0037836879680303026,Không (không phân biệt được),0.9422222222222222,0.9261083743842364,0.9330024813895781,
T20,convnext_tiny,kết hợp,kết hợp T04,0,0.9731794100604445,0.9791488146243931,0.007426421227609836,Có,0.9333333333333333,0.9556650246305419,0.9394673123486683,
